Type-ID,P,E,Pmax,Pmin,Emax,Emin,Tend,Trun
Bkt-1,0.000000,0.000000,0.758713,-1.000000,4.905474,-4.905474,-1.000000,-1.000000
Bat-1,0.000000,0.000000,0.635240,0.000000,5.762810,0.000000,100.000000,-1.000000
Bak-1,0.000000,0.000000,0.837963,0.000000,5.721750,0.000000,100.000000,7.000000
