Type-ID,P,E,Pmax,Pmin,Emax,Emin,Tend,Trun
Bkt-1,0.000000,0.000000,1.169173,-1.000000,5.909338,-5.909338,-1.000000,-1.000000
Bat-1,0.000000,0.000000,0.906135,0.000000,4.006769,0.000000,100.000000,-1.000000
Bak-1,0.000000,0.000000,0.728933,0.000000,5.200058,0.000000,100.000000,8.000000
