{"units": [{"e": 0.0, "CID": "Bkt-1", "eMax": 5.909338, "eMin": -5.909338, "tEnd": -1.0, "pMin": -1.0, "p": 0.0, "tRun": -1.0, "type": "Bakery", "pMax": 1.169173}, {"e": 0.0, "CID": "Bat-1", "eMax": 4.006769, "eMin": 0.0, "tEnd": 100.0, "pMin": 0.0, "p": 0.0, "tRun": -1.0, "type": "Battery", "pMax": 0.906135}, {"e": 0.0, "CID": "Bak-1", "eMax": 5.200058, "eMin": 0.0, "tEnd": 100.0, "pMin": 0.0, "p": 0.0, "tRun": 8.0, "type": "Bakery", "pMax": 0.728933}], "vpp": [9.999, 0.2, 0.2, 0.2, 0.2, 0.2, 0.2, 0.2, 0.2, 0.2, 0.2, 0.2, 0.2, 0.2, 0.2, 0.0, 0.0, 0.0, 0.0, 0.0, 0.0, 0.0, 0.0, 0.0, 0.0, 0.0, 0.0, 0.0, 0.0, 0.0, 0.2, 0.2, 0.2, 0.2, 0.2, 0.2, 0.2, 0.2, 0.2, 0.2, 0.2, 0.2, 0.2, 0.2, 0.2, 0.0, 0.0, 0.0, 0.0, 0.0, 0.0, 0.0, 0.0, 0.0, 0.0, 0.0, 0.0, 0.0, 0.0, 0.0, 0.2, 0.2, 0.2, 0.2, 0.2, 0.2, 0.2, 0.2, 0.2, 0.2, 0.2, 0.2, 0.2, 0.2, 0.2, 0.0, 0.0, 0.0, 0.0, 0.0, 0.0, 0.0, 0.0, 0.0, 0.0, 0.0, 0.0, 0.0, 0.0, 0.2, 0.2, 0.2, 0.2, 0.2, 0.2, 0.2, 0.2, 0.2, 0.2, 0.2, 0.2]}