{"DT": {"0": {"PMin": 0.0, "c": 0.20999999999999999, "b": -67.0, "M": 0.1, "PMax": 50.0}}, "DC": {"11": {"PMin": -100.0, "c": 0.40999999999999998, "b": -60.0, "M": 0.1, "PMax": 100.0}, "10": {"PMin": -100.0, "c": 0.40999999999999998, "b": -60.0, "M": 0.1, "PMax": 100.0}, "13": {"PMin": -100.0, "c": 0.40999999999999998, "b": -60.0, "M": 0.1, "PMax": 100.0}, "12": {"PMin": -100.0, "c": 0.40999999999999998, "b": -60.0, "M": 0.1, "PMax": 100.0}, "14": {"PMin": -100.0, "c": 0.40999999999999998, "b": -60.0, "M": 0.1, "PMax": 100.0}, "1": {"PMin": -100.0, "c": 0.40999999999999998, "b": -60.0, "M": 0.1, "PMax": 100.0}, "0": {"PMin": -100.0, "c": 0.40999999999999998, "b": -60.0, "M": 0.1, "PMax": 100.0}, "3": {"PMin": -100.0, "c": 0.40999999999999998, "b": -60.0, "M": 0.1, "PMax": 100.0}, "2": {"PMin": -100.0, "c": 0.40999999999999998, "b": -60.0, "M": 0.1, "PMax": 100.0}, "5": {"PMin": -100.0, "c": 0.40999999999999998, "b": -60.0, "M": 0.1, "PMax": 100.0}, "4": {"PMin": -100.0, "c": 0.40999999999999998, "b": -60.0, "M": 0.1, "PMax": 100.0}, "7": {"PMin": -100.0, "c": 0.40999999999999998, "b": -60.0, "M": 0.1, "PMax": 100.0}, "6": {"PMin": -100.0, "c": 0.40999999999999998, "b": -60.0, "M": 0.1, "PMax": 100.0}, "9": {"PMin": -100.0, "c": 0.40999999999999998, "b": -60.0, "M": 0.1, "PMax": 100.0}, "8": {"PMin": -100.0, "c": 0.40999999999999998, "b": -60.0, "M": 0.1, "PMax": 100.0}}, "G": {"1": {"c": 2.5499999999999998, "b": 17.199999999999999, "M": 0.1, "PMin": 0.0, "gamma": 0.1, "delta": 0.0, "PMax": 30.0}, "0": {"c": 2.5499999999999998, "b": 17.199999999999999, "M": 0.1, "PMin": 0.0, "gamma": 0.1, "delta": 0.0, "PMax": 30.0}, "3": {"c": 2.5499999999999998, "b": 17.199999999999999, "M": 0.1, "PMin": 0.0, "gamma": 0.1, "delta": 0.0, "PMax": 30.0}, "2": {"c": 2.5499999999999998, "b": 17.199999999999999, "M": 0.1, "PMin": 0.0, "gamma": 0.1, "delta": 0.0, "PMax": 30.0}, "4": {"c": 2.5499999999999998, "b": 17.199999999999999, "M": 0.1, "PMin": 0.0, "gamma": 0.1, "delta": 0.0, "PMax": 30.0}}}